1;DATASET1;2947887;1;C;T;;SNP;;1;5008;2504;0.000199681
2;DATASET1;2947892;1;C;G;;SNP;;41;5008;2504;0.0081869
3;DATASET1;2947908;1;T;C;;SNP;;1424;5008;2504;0.284345
4;DATASET1;2947942;1;T;C;;SNP;;26;5008;2504;0.00519169
5;DATASET1;2947950;1;C;G;;SNP;;1;5008;2504;0.000199681
6;DATASET1;2947962;1;G;A;;SNP;;1;5008;2504;0.000199681
7;DATASET1;2947968;1;G;T;;SNP;;2;5008;2504;0.000399361
8;DATASET1;2947969;1;C;T;;SNP;;2;5008;2504;0.000399361
9;DATASET1;2947975;1;C;T;;SNP;;4;5008;2504;0.000798722
10;DATASET1;2947994;1;G;C;;SNP;;3;5008;2504;0.000599042
11;DATASET1;2947999;1;G;A;;SNP;;23;5008;2504;0.00459265
12;DATASET1;2948018;1;C;A;;SNP;;1;5008;2504;0.000199681
13;DATASET1;2948019;1;G;A;;SNP;;1113;5008;2504;0.222244
14;DATASET1;2948031;1;G;A;;SNP;;29;5008;2504;0.00579073
15;DATASET1;2948060;1;C;T;;SNP;;11;5008;2504;0.00219649
16;DATASET1;2948124;1;C;T;;SNP;;1;5008;2504;0.000199681
17;DATASET1;2948129;1;A;G;;SNP;;1;5008;2504;0.000199681
18;DATASET1;2948135;1;C;T;;SNP;;10;5008;2504;0.00199681
19;DATASET1;2948164;1;T;C;;SNP;;10;5008;2504;0.00199681
20;DATASET1;2948177;1;T;C;;SNP;;1425;5008;2504;0.284545
21;DATASET1;2948218;1;C;T;;SNP;;162;5008;2504;0.0323482
22;DATASET1;2948226;1;G;A;;SNP;;7;5008;2504;0.00139776
23;DATASET1;2948233;1;G;A;;SNP;;1;5008;2504;0.000199681
24;DATASET1;2948256;1;G;A;;SNP;;14;5008;2504;0.00279553
25;DATASET1;2948258;1;C;T;;SNP;;3;5008;2504;0.000599042
26;DATASET1;2948272;1;G;T;;SNP;;1;5008;2504;0.000199681
27;DATASET1;2948273;1;C;T;;SNP;;1;5008;2504;0.000199681
28;DATASET1;2948311;1;C;A;;SNP;;2;5008;2504;0.000399361
29;DATASET1;2948329;1;T;C;;SNP;;1;5008;2504;0.000199681
30;DATASET1;2948331;1;C;T;;SNP;;1;5008;2504;0.000199681
31;DATASET1;2948352;1;G;A;;SNP;;3;5008;2504;0.000599042
32;DATASET1;2948379;1;A;ACCAAG;;SNP;;1035;5008;2504;0.206669
33;DATASET1;2948416;1;G;A;;SNP;;38;5008;2504;0.00758786
34;DATASET1;2948431;1;C;T;;SNP;;7;5008;2504;0.00139776
35;DATASET1;2948464;1;G;A;;SNP;;11;5008;2504;0.00219649
36;DATASET1;2948493;1;T;C;;SNP;;1;5008;2504;0.000199681
37;DATASET1;2948506;1;G;C;;SNP;;1;5008;2504;0.000199681
38;DATASET1;2948511;1;C;A;;SNP;;4;5008;2504;0.000798722
39;DATASET1;2948531;1;G;A;;SNP;;57;5008;2504;0.0113818
40;DATASET1;2948551;1;G;A;;SNP;;2;5008;2504;0.000399361
41;DATASET1;2948557;1;C;G;;SNP;;1;5008;2504;0.000199681
42;DATASET1;2948601;1;G;A;;SNP;;7;5008;2504;0.00139776
43;DATASET1;2948603;1;G;A;;SNP;;5;5008;2504;0.000998403
44;DATASET1;2948614;1;G;C;;SNP;;1;5008;2504;0.000199681
45;DATASET1;2948622;1;G;A;;SNP;;1;5008;2504;0.000199681
46;DATASET1;2948690;1;G;A;;SNP;;1;5008;2504;0.000199681
47;DATASET1;2948694;1;C;T;;SNP;;1;5008;2504;0.000199681
48;DATASET1;2948700;1;G;A;;SNP;;10;5008;2504;0.00199681
49;DATASET1;2948722;1;G;A;;SNP;;4;5008;2504;0.000798722
50;DATASET1;2948728;1;G;A;;SNP;;3;5008;2504;0.000599042
51;DATASET1;2948740;1;C;T;;SNP;;47;5008;2504;0.00938498
52;DATASET1;2948784;1;C;T;;SNP;;4;5008;2504;0.000798722
53;DATASET1;2948802;1;C;T;;SNP;;1;5008;2504;0.000199681
54;DATASET1;2948811;1;A;G;;SNP;;1;5008;2504;0.000199681
55;DATASET1;2948812;1;C;T;;SNP;;20;5008;2504;0.00399361
56;DATASET1;2948836;1;A;G;;SNP;;5;5008;2504;0.000998403
57;DATASET1;2948852;1;C;A;;SNP;;1;5008;2504;0.000199681
58;DATASET1;2948853;1;G;A;;SNP;;263;5008;2504;0.052516
59;DATASET1;2948859;1;C;T;;SNP;;4;5008;2504;0.000798722
60;DATASET1;2948860;1;G;A;;SNP;;8;5008;2504;0.00159744
61;DATASET1;2948939;1;G;A;;SNP;;49;5008;2504;0.00978435
62;DATASET1;2948958;1;G;T;;SNP;;8;5008;2504;0.00159744
63;DATASET1;2948969;1;C;T;;SNP;;2;5008;2504;0.000399361
64;DATASET1;2948973;1;G;A;;SNP;;2;5008;2504;0.000399361
65;DATASET1;2948993;1;C;T;;SNP;;1;5008;2504;0.000199681
66;DATASET1;2949027;1;C;T;;SNP;;1011;5008;2504;0.201877
67;DATASET1;2949037;1;C;T;;SNP;;2;5008;2504;0.000399361
68;DATASET1;2949056;1;A;C;;SNP;;1;5008;2504;0.000199681
69;DATASET1;2949069;1;C;T;;SNP;;1;5008;2504;0.000199681
70;DATASET1;2949106;1;G;A;;SNP;;1;5008;2504;0.000199681
71;DATASET1;2949111;1;G;C;;SNP;;17;5008;2504;0.00339457
72;DATASET1;2949139;1;A;G;;SNP;;2;5008;2504;0.000399361
