dataset_id;3055563;1;G;C;;SNP;;13;5008;2504;0.00259585
dataset_id;3055571;1;G;T;;SNP;;3;5008;2504;0.000599042
dataset_id;3055603;1;A;G;;SNP;;3;5008;2504;0.000599042
dataset_id;3055613;1;G;C;;SNP;;1;5008;2504;0.000199681
dataset_id;3055617;1;G;T;;SNP;;3;5008;2504;0.000599042
dataset_id;3055620;1;T;C;;SNP;;4013;5008;2504;0.801318
dataset_id;3055643;1;A;G;;SNP;;1;5008;2504;0.000199681
dataset_id;3055699;1;G;A;;SNP;;1;5008;2504;0.000199681
dataset_id;3055714;1;C;T;;SNP;;1;5008;2504;0.000199681
dataset_id;3055715;1;G;A;;SNP;;5;5008;2504;0.000998403
dataset_id;3055725;1;G;A;;SNP;;1;5008;2504;0.000199681
dataset_id;3055728;1;C;CGGTTG;;SNP;;705;5008;2504;0.140775
dataset_id;3055746;1;G;C;;SNP;;1028;5008;2504;0.205272
dataset_id;3055748;1;G;A;;SNP;;4;5008;2504;0.000798722
dataset_id;3055782;1;C;T;;SNP;;6;5008;2504;0.00119808
dataset_id;3055827;1;A;T;;SNP;;1;5008;2504;0.000199681
dataset_id;3055850;1;C;A;;SNP;;2;5008;2504;0.000399361
dataset_id;3055865;1;C;T;;SNP;;1;5008;2504;0.000199681
dataset_id;3055871;1;G;A;;SNP;;1;5008;2504;0.000199681
dataset_id;3055875;1;A;G;;SNP;;3431;5008;2504;0.685104
dataset_id;3055957;1;C;T;;SNP;;1;5008;2504;0.000199681
dataset_id;3055980;1;T;C;;SNP;;1;5008;2504;0.000199681
dataset_id;3055988;1;G;A;;SNP;;2;5008;2504;0.000399361
dataset_id;3056020;1;G;C;;SNP;;1;5008;2504;0.000199681
dataset_id;3056029;1;C;T;;SNP;;1;5008;2504;0.000199681
dataset_id;3056050;1;C;T;;SNP;;1;5008;2504;0.000199681
dataset_id;3056060;1;C;T;;SNP;;4;5008;2504;0.000798722
dataset_id;3056079;1;C;T;;SNP;;3;5008;2504;0.000599042
dataset_id;3056147;1;A;G;;SNP;;3;5008;2504;0.000599042
dataset_id;3056148;1;TC;T;;SNP;;14;5008;2504;0.00279553
dataset_id;3056150;1;G;A;;SNP;;62;5008;2504;0.0123802
dataset_id;3056151;1;C;T;;SNP;;2;5008;2504;0.000399361
dataset_id;3056206;1;C;T;;SNP;;1184;5008;2504;0.236422
dataset_id;3056221;1;A;AT;;SNP;;155;5008;2504;0.0309505
dataset_id;3056252;1;G;C;;SNP;;1313;5008;2504;0.262181
dataset_id;3056282;1;C;T;;SNP;;2;5008;2504;0.000399361
dataset_id;3056283;1;G;A;;SNP;;54;5008;2504;0.0107827
dataset_id;3056290;1;C;T;;SNP;;1;5008;2504;0.000199681
dataset_id;3056291;1;G;A;;SNP;;1;5008;2504;0.000199681
dataset_id;3056336;1;C;T;;SNP;;1;5008;2504;0.000199681
dataset_id;3056337;1;T;A;;SNP;;21;5008;2504;0.00419329
dataset_id;3056385;1;G;A;;SNP;;2;5008;2504;0.000399361
dataset_id;3056389;1;G;A;;SNP;;3;5008;2504;0.000599042
dataset_id;3056404;1;C;T;;SNP;;1;5008;2504;0.000199681
dataset_id;3056462;1;G;A;;SNP;;1;5008;2504;0.000199681
dataset_id;3056464;1;C;T;;SNP;;1;5008;2504;0.000199681
dataset_id;3056476;1;G;C;;SNP;;1;5008;2504;0.000199681
dataset_id;3056517;1;T;G;;SNP;;14;5008;2504;0.00279553
dataset_id;3056524;1;T;C;;SNP;;1;5008;2504;0.000199681
dataset_id;3056528;1;T;C;;SNP;;90;5008;2504;0.0179712
dataset_id;3056542;1;G;A;;SNP;;1;5008;2504;0.000199681
dataset_id;3056543;1;G;A;;SNP;;1;5008;2504;0.000199681
dataset_id;3056558;1;C;T;;SNP;;38;5008;2504;0.00758786
dataset_id;3056559;1;G;A;;SNP;;34;5008;2504;0.00678914
dataset_id;3056570;1;C;T;;SNP;;1;5008;2504;0.000199681
dataset_id;3056571;1;G;A;;SNP;;2;5008;2504;0.000399361
dataset_id;3056573;1;C;T;;SNP;;3;5008;2504;0.000599042
dataset_id;3056588;1;G;A;;SNP;;3;5008;2504;0.000599042
dataset_id;3056600;1;G;A;;SNP;;5;5008;2504;0.000998403
dataset_id;3056601;1;C;T;;SNP;;63;5008;2504;0.0125799
dataset_id;3056630;1;C;T;;SNP;;2;5008;2504;0.000399361
dataset_id;3056648;1;C;G;;SNP;;3530;5008;2504;0.704872
dataset_id;3056657;1;T;C;;SNP;;1;5008;2504;0.000199681
dataset_id;3056678;1;C;T;;SNP;;1;5008;2504;0.000199681
dataset_id;3056708;1;C;T;;SNP;;1;5008;2504;0.000199681
dataset_id;3056718;1;C;T;;SNP;;3;5008;2504;0.000599042
dataset_id;3056730;1;C;T;;SNP;;1;5008;2504;0.000199681
dataset_id;3056739;1;G;A;;SNP;;13;5008;2504;0.00259585
dataset_id;3056740;1;G;A;;SNP;;1;5008;2504;0.000199681
dataset_id;3056741;1;C;T;;SNP;;1;5008;2504;0.000199681
dataset_id;3056760;1;G;A;;SNP;;1;5008;2504;0.000199681
dataset_id;3056762;1;C;T;;SNP;;1;5008;2504;0.000199681
dataset_id;3056777;1;T;G;;SNP;;1;5008;2504;0.000199681
dataset_id;3056787;1;A;G;;SNP;;1;5008;2504;0.000199681
dataset_id;3056789;1;C;G;;SNP;;1;5008;2504;0.000199681
dataset_id;3056791;1;G;A;;SNP;;2;5008;2504;0.000399361
dataset_id;3056797;1;T;C;;SNP;;1;5008;2504;0.000199681
dataset_id;3056887;1;G;A;;SNP;;1;5008;2504;0.000199681
dataset_id;3056901;1;C;T;;SNP;;1;5008;2504;0.000199681
dataset_id;3056904;1;G;A;;SNP;;2;5008;2504;0.000399361
dataset_id;3056914;1;C;T;;SNP;;123;5008;2504;0.0245607
dataset_id;3056915;1;G;A;;SNP;;4;5008;2504;0.000798722
dataset_id;3056917;1;G;A;;SNP;;1;5008;2504;0.000199681
dataset_id;3056950;1;C;T;;SNP;;1;5008;2504;0.000199681
dataset_id;3056951;1;G;T;;SNP;;6;5008;2504;0.00119808
dataset_id;3056985;1;T;C;;SNP;;2;5008;2504;0.000399361
dataset_id;3057007;1;G;A;;SNP;;1;5008;2504;0.000199681
dataset_id;3057061;1;C;T;;SNP;;2;5008;2504;0.000399361
dataset_id;3057083;1;C;T;;SNP;;1;5008;2504;0.000199681
